Marker,Time_stamp
6.66Hz,1554887.8559721077
end_s,1554892.9586461806
7.5Hz,1554895.9930699535
end_s,1554901.061777513
8.57Hz,1554904.0969851867
end_s,1554909.1159189267
10Hz,1554912.1506659
end_s,1554917.153081134
12Hz,1554920.2040617133
end_s,1554925.2069066474
15Hz,1554928.257961427
end_s,1554933.2603788609
end,1554934.277158554
