Marker,Time_stamp
6.66Hz,1556697.8753738066
end_s,1556702.977668319
7.5Hz,1556706.0124073264
end_s,1556711.081581639
8.57Hz,1556714.1158901465
end_s,1556719.1349590586
10Hz,1556722.169419766
end_s,1556727.1719623783
12Hz,1556730.2064164858
end_s,1556735.2090464982
15Hz,1556738.2432658053
end_s,1556743.2459730178
end,1556744.2629486201
