Marker,Time_stamp
6.66Hz,1558346.321132918
end_s,1558351.423594402
7.5Hz,1558354.458394892
end_s,1558359.527306776
8.57Hz,1558362.5620063662
end_s,1558367.5805501502
10Hz,1558370.6154225406
end_s,1558375.6179018246
12Hz,1558378.6524723151
end_s,1558383.6549564989
15Hz,1558386.6894151894
end_s,1558391.6918655734
end,1558392.6921002702
