Marker,Time_stamp
6.66Hz,1557627.3793944975
end_s,1557632.4813210778
7.5Hz,1557635.5159660496
end_s,1557640.5853708347
8.57Hz,1557643.6199234065
end_s,1557648.6390279985
10Hz,1557651.6736793702
end_s,1557656.6758368646
12Hz,1557659.7104045367
end_s,1557664.712733331
15Hz,1557667.7472762028
end_s,1557672.749795797
end,1557673.750266856
