Marker,Time_stamp
6.66Hz,1535948.3783100417
end_s,1535953.480367638
7.5Hz,1535956.5151298384
end_s,1535961.584116038
8.57Hz,1535964.6190892383
end_s,1535969.6381669429
10Hz,1535972.6890637418
end_s,1535977.691446848
12Hz,1535980.7260308485
end_s,1535985.7283244547
15Hz,1535988.763121355
end_s,1535993.7652866612
end,1535994.7658396626
