Marker,Time_stamp
6.66Hz,1528011.7040045524
end_s,1528016.8066031204
7.5Hz,1528019.841319285
end_s,1528024.9102484582
8.57Hz,1528027.944813923
end_s,1528032.963595503
10Hz,1528035.9987013675
end_s,1528041.00087995
12Hz,1528044.0520966125
end_s,1528049.054719795
15Hz,1528052.1059122572
end_s,1528057.1078096395
end,1528058.1084074962
