Marker,Time_stamp
takeoff,1309419.5052795862
end_s,1309424.5743275415
landing,1309431.610626063
end_s,1309436.613059123
end,1309437.613459355
